x,y,codensity
-1.230295952258754,-0.3167678958056247,0.390539642198596
-1.2322031228219994,-0.2831119202639907,0.3944847707221197
-1.2355699317767328,-0.2344221206315257,0.4185200857963413
-1.2340851701328273,0.2687339457394005,0.15771771779908692
-1.2381477110866856,0.468651250331586,0.2792835573589657
-1.232522645519238,0.6470971306567993,0.5235562909759957
-1.223998783215195,0.492667873824335,0.25168525917962736
-1.2235735435055588,-1.269105747530783,0.5364669588368206
-1.2219027891173064,0.23104546955170954,0.13991791240923154
-1.2155421726295752,0.36072013110737705,0.2343024249114598
-1.2211654642431218,-1.031250835180781,0.3992704257988775
-1.2183260925351769,-0.9247557543817981,0.5848539474839487
-1.2086653677421009,-0.1187719971676136,0.27997098108567575
-1.2028394885049378,0.7747690183664793,0.632770022777744
-1.1978827159784047,0.2582538058902265,0.07191578557649107
-1.1909951839991493,0.40575267181330654,0.21227802924748335
-1.192334474328233,0.8558369655146455,0.602869995193101
-1.195433539142415,-0.06948180670384743,0.22957755017143433
-1.1885708369036967,-1.2747089449029774,0.4761201401888216
-1.188015443897645,-1.1907722519413073,0.2907692643400384
-1.1891041139230498,-0.9807519506852509,0.38114918612966103
-1.1853221761008284,0.05773524664187275,0.28605801612914333
-1.1866435192204858,0.8945279018795196,0.5690994789546756
-1.1897738720255149,1.0367634684314113,0.4481580945119585
-1.1905748755818453,0.21366148601312054,0.09615571106431539
-1.1789030211699167,0.5248669020389366,0.19211624484031606
-1.1799975588658185,-0.7248707148560947,0.6528357723706348
-1.174346633926227,-0.36572876804846693,0.24165500531675138
-1.1780592064539146,0.47795984391140234,0.1726538156876194
-1.173271401343157,-0.14945983392628973,0.26284854649930867
-1.1755400786338501,-0.09750439595317678,0.20025603744042766
-1.175772947998651,0.12123340233499351,0.2269320311863861
-1.1827971839169247,0.1960499811834617,0.11713054719402172
-1.1731351479914116,-0.5177342603049245,0.34857189638586744
-1.1729373438977586,0.24469200320498347,0.06032120251586224
-1.1711447442990255,1.153004280342364,0.5165537708460388
-1.1715308564564737,0.27742643066010986,0.07472183804535373
-1.1672335077167997,-0.07334433524990008,0.17586311060256224
-1.1587736880171982,-1.1820817362718534,0.24942516802855308
-1.1624708078431865,0.09110984557979117,0.22252294535111944
-1.1634207955859164,1.2221513135377933,0.7221013571033379
-1.154512991485584,-1.0096661730230094,0.28071146931758695
-1.1613047302918327,0.36008195108594515,0.1930555248474588
-1.1582657127963254,1.1028158446608838,0.39738881365041345
-1.155401250210417,-1.1393628936990947,0.2650714811195179
-1.1476327182489754,0.5613333996892502,0.23343476860599613
-1.1408087682667487,-0.36529404932875437,0.16693895597981198
-1.1497714413910534,0.33201109877828566,0.14730334440033377
-1.1411859829415243,0.5247616782312416,0.18554819860290545
-1.1316144600858324,-0.5118992215907655,0.25018635432790487
-1.1320156854508168,-0.47844679584257505,0.20276797866638047
-1.1254342470156804,0.6968428167331057,0.4235602201223066
-1.12220883571292,-1.230746365053326,0.309561445650123
-1.1159008392384016,0.25202657368033377,0.12148574131308121
-1.116215030633684,-1.1460594137800293,0.2614022867315948
-1.1021246230694897,-0.5782833754357726,0.347730988237867
-1.1131926797507832,-0.007121150924595524,0.17724506152385397
-1.1058178819107107,-1.025672476535146,0.25137166769952163
-1.096137577429877,-0.3381707260934362,0.11432443432156167
-1.104078292310561,-0.9641180341696826,0.3006430867496721
-1.0972921236206985,-0.5085154240800526,0.22942620848369502
-1.0938479854152239,-0.3880982132801328,0.0859945082495021
-1.1023872171614113,-0.10930415710388067,0.21554087365798072
-1.1049552001316472,0.14586731397343408,0.22722736263383875
-1.1043624483807049,1.1473071103532873,0.4293347443288958
-1.0958073781037803,1.0001990330264832,0.38161901279113886
-1.0949848509281555,-0.6520704025096369,0.3837293912798106
-1.0861642431774354,0.10470160391595816,0.20001083258712685
-1.0878225376287298,-0.7005012654365437,0.4277370604998126
-1.0892399317070725,0.027234626638042058,0.14716386055093647
-1.0905296417779193,1.0747458281557998,0.3404778874868176
-1.084204337742486,-0.4355830800963936,0.12498793533662123
-1.0854107318040525,-0.06712856218886408,0.19909428982646793
-1.0745565253490224,0.2222382044923944,0.21648329348157147
-1.0881139576488932,0.27850185106461395,0.14522700542733177
-1.0883180263713543,0.4513673107554719,0.2404089908690613
-1.0737305780333113,-0.3637609438900636,0.05983226540812321
-1.0800402481694458,0.3749787086672165,0.22142843970925025
-1.069113864468939,0.5222992184645902,0.24439232472244302
-1.073736290883023,0.5848760712598877,0.2520469700568654
-1.0746877758522517,-1.2164844327428226,0.3314097079687832
-1.068684856212885,-0.30083754641358146,0.13858389993682624
-1.0560351245486523,0.034361347183285214,0.1236789547137458
-1.047884084127726,0.007936804636393258,0.11634639611672443
-1.0479674567264434,0.2765236754575382,0.18318575557562328
-1.0411861613417892,-0.25941846732281537,0.17937387699771057
-1.0438532553335957,0.4241671184082342,0.26366562639569796
-1.0437569559722117,0.9051342788398639,0.5577426845805376
-1.0479392475918823,1.0053218563742106,0.3959182991079535
-1.0363484829708864,-0.3952109953677654,0.046485812720104894
-1.0380940185263894,-0.3771024179151175,0.04035823556246774
-1.0252395183646932,-0.14880631106271536,0.21751553965546114
-1.0267537656050933,-0.7290600323203448,0.35657749523172594
-1.0205775008388807,-0.24991122510948885,0.1792714450835316
-1.025707556313267,-1.0414938885681246,0.25303524576379866
-1.0178057371604978,0.007085829767388835,0.1200030669076727
-1.0188690373225848,0.32390889958218233,0.19988226164577116
-1.0132671356992966,-0.18882341903250652,0.1831122430700227
-1.0121001655997488,0.6354739122040343,0.20711387296100145
-1.0144351379219603,0.6983093316643992,0.2653868929599951
-1.0075919600887013,-1.0692878590660753,0.28317421090272976
-1.0078533440696003,-1.020903681259285,0.24619549371468913
-1.009813723926343,-0.4348283440300517,0.12957540064101522
-1.0052129408479173,-0.2784827377722889,0.1760709099660879
-0.9856683786907964,-0.9625698621313022,0.2599289859916272
-1.0071887138617588,-0.4036172536185361,0.07437918568786346
-0.9979543851038608,0.6797788043890087,0.22354262844669434
-0.9991915238515107,-0.7431351522448008,0.34388026378586534
-1.0001964981073954,-0.36793630044001613,0.08529034929112249
-1.0026322650571984,0.06371374514438014,0.13927229057613813
-0.9986607093790454,0.3050927254499527,0.1824515619905419
-0.9875528008094999,-1.168049506346372,0.3426734462263126
-0.9944492874371793,0.6006252776908519,0.24178627007235037
-0.9933889197212019,0.1320672973811302,0.20381369549651432
-0.9760611799016271,-0.027547327681544758,0.17552538771870982
-0.9862297601952272,0.6464878122543566,0.2113228015043279
-0.9772610338633139,0.4462902170461489,0.3115501340750575
-0.9769974236928589,-0.09609820641478774,0.19731244027508266
-0.9727707128833105,-0.9297698028615436,0.25874002020664344
-0.959814547497112,-0.36658403248182625,0.14297234359074223
-0.9649115863409599,-0.18754675496715079,0.1660438916935678
-0.9675681112240239,-0.8368676689487368,0.28550799347827205
-0.9639804198718266,0.030684378298138346,0.1619768345143624
-0.9651606271894277,1.1121794490741344,0.4985543991844357
-0.9486024869959271,0.22872934780122128,0.12337291174141708
-0.9590068208765353,0.4093138079162268,0.2935032064939699
-0.9585534210055913,0.7497441059311581,0.3742649859955319
-0.9562998746293917,-0.8766124796706144,0.2758298638854079
-0.9482696775146655,-0.05809383019679301,0.2016272227019356
-0.9347016004416547,0.07782839494382274,0.1638601569788766
-0.9437470008130805,-0.724871669011219,0.3586438420702137
-0.9468637485264965,0.5449803993691158,0.3137731979889795
-0.921987079473023,-0.19822364586382435,0.22608170112373843
-0.9331152464803392,0.13646271108649832,0.12594526299663064
-0.932913799111125,0.16340240420995908,0.12348156639761797
-0.9346144336912945,0.26877854101360943,0.07404036188579867
-0.934046403838141,-0.3986361922998416,0.1671568743725575
-0.9226399626702227,-0.14923943523058192,0.1833413951702942
-0.9235337479012703,0.30113938621724995,0.09748968167036076
-0.9187052457455068,-1.1881332880941902,0.34104254418128355
-0.9165089027253935,1.035781963164972,0.41007490906871985
-0.9179029314913316,-1.2431084703881445,0.46227463589624257
-0.9195549744027187,-0.4731215848884383,0.16867646167839692
-0.9161148274401816,0.23106549897553327,0.07269323742755059
-0.9140466546169572,-1.1011740238744128,0.22073227066321144
-0.9151850350767547,0.1177444387076014,0.14384884418750807
-0.9157590547995135,0.7520945312339741,0.37046452888746617
-0.9156296829301795,-0.8376385502002186,0.2729803308279863
-0.9137483040714519,-0.33321532145555904,0.26963248351820507
-0.8913787595158095,0.3223306128757271,0.15642640371515343
-0.9063792756228843,0.2529201040451454,0.05578883016065084
-0.8901095415627748,-0.9945833492363182,0.20060818254992957
-0.8906446262981501,-0.0933744918040302,0.24528669771439596
-0.8887748776494669,-0.4839507349525626,0.13104211361576948
-0.8890409204442844,1.0328701689295947,0.41265590463331825
-0.866823173030666,-1.0928111321618312,0.16380325529829567
-0.8768186855963525,1.2963876232395175,1.0867182082807871
-0.870682199184474,-0.7247200103912855,0.3946596104270448
-0.8761755497746052,-0.5375658342027847,0.21145707140763756
-0.8687805329072305,-0.19164414131913435,0.2984086487331719
-0.8678810758772081,0.0928147729380388,0.29440721369977685
-0.870039688472068,0.29856717432796287,0.14371430520308098
-0.8772196434749874,0.9492036696891155,0.4510445120673458
-0.8698057403114594,0.19365072786351373,0.1669966075074302
-0.868407713009776,0.263284704954405,0.10891531771795578
-0.8604545608409633,0.47292554863462033,0.30464566828833023
-0.8641135588510337,-0.05770672184883352,0.3222711033012581
-0.8597253825132966,-1.284453343609237,0.5601343642442539
-0.8649239867978186,-1.0339323483205927,0.14182925784954653
-0.8611054164238359,-0.4977795032341595,0.10620700687875638
-0.8603805020463752,0.5792500174648177,0.30738465919525343
-0.859860602933148,-0.8713648273734675,0.29640198678735813
-0.8449326225099031,-0.46165956063368113,0.08292365931713915
-0.8500026408679091,-1.0095950949229404,0.15649182301869974
-0.8486481864354372,-0.926627351139963,0.2733399991449164
-0.8419205935030499,-1.051690350105883,0.12848494005583333
-0.836163307112533,-0.48012292834420295,0.09178627231347776
-0.8394742253937371,-0.3695026359606777,0.232573793806519
-0.8373248193126569,0.7149903394619688,0.29179104380787835
-0.8353902796783493,1.13575918874052,0.5769235377476135
-0.8357923120278054,-0.4392727094745044,0.11279864491002621
-0.824279317179174,0.6142504798032954,0.3112937278605901
-0.8292508580303064,0.4023954377887023,0.33922623282166514
-0.829260436957914,0.5749625232756933,0.2919464058367952
-0.8265787128720415,0.4803887066818323,0.30321969141299854
-0.8137298814133263,-1.0698051242072228,0.14786989260273992
-0.8155975053916799,-1.0988495952330848,0.18702762344866386
-0.8174376394337576,-0.7461380858458938,0.4388681447383282
-0.8085259074492783,-0.39518049209686285,0.21837790623159886
-0.8026296211213925,-0.2953213578548479,0.3255196396394196
-0.8000863573080058,-0.5769831111419023,0.3107421688473416
-0.7833849394119208,0.7680705292999284,0.20724943547943772
-0.7878303588609451,0.8561082103954113,0.2833723551841311
-0.7863795064512799,1.02314281668028,0.34078630184007913
-0.7825094947035697,-1.1666000260548588,0.3421005520528757
-0.7825730255322604,0.218308508574434,0.33272486759273784
-0.7827227767713172,0.7117488246822904,0.19688905384103403
-0.776893099103357,-0.623437664112422,0.4210048562160689
-0.7741040898467915,-0.5003897916303658,0.21735731220159446
-0.7707144029373068,0.9661185832092652,0.27093441045885963
-0.7720568048301591,-0.2081193826559353,0.36698524828315604
-0.7633355249596492,-0.8244311183290929,0.4060427706232853
-0.7570784776894263,-0.09010899980911338,0.35638087592989076
-0.7378920824905619,0.8131999261511916,0.17594322711700283
-0.753629811661409,-0.23526152121929764,0.3416052049418989
-0.7482119230432439,0.25852533830220203,0.3227597986805779
-0.7424916038350956,0.3453188662960976,0.33018271157516293
-0.7485593549186813,0.7224433808635815,0.12276090731870168
-0.7450469724311534,-0.9859279936974679,0.21172971687175668
-0.7438713910425533,-0.8967707965312681,0.31800184772332374
-0.7354723625498719,0.8699435774914339,0.17963630183475843
-0.7319727480597304,-0.06576134642564728,0.3506087727677447
-0.7236418288387364,0.47946366138264507,0.2792257401523682
-0.7254983674703629,0.5155781263604929,0.27174762891431004
-0.7191940510174222,-1.007891028697446,0.20797452065784142
-0.7166089661026722,0.13212576291401984,0.4716208227896162
-0.7178204501359362,0.7348161006248237,0.08218695686180859
-0.7217426591547359,0.9012111972611254,0.16253804565222563
-0.714340915518413,1.0478804931669659,0.35796642363427106
-0.7086309202213928,-0.42096306480518025,0.20960561793802102
-0.710145287729776,-1.2061315007612816,0.4262478977735291
-0.7054053903155326,-1.2552399552935938,0.5311644104132524
-0.7093357911015604,-1.0583120047724983,0.24880647444936166
-0.6990850143656004,-0.9428122804958078,0.2641532748099472
-0.7026923512225887,-0.4468308658000102,0.2203210067513661
-0.7096463216509504,-0.32308382614329983,0.21168678450049305
-0.703904333867287,-0.05125674085316214,0.323970337518527
-0.6971356120029862,0.5627859454543157,0.27411729323846845
-0.6718886777481838,0.7454793090798064,0.07539038488733418
-0.69347456778399,0.6261707815841687,0.20821389653125288
-0.675202345843305,-1.015043565531458,0.2208777221125273
-0.6743597206050407,-0.3919374558757009,0.1766238206054811
-0.6777963433502469,0.8824204435812015,0.14023993932994877
-0.6736716316482699,0.9451558348626031,0.1512640266216458
-0.6707351276584526,0.3545930693284359,0.28261909783313327
-0.666165987802905,0.32372057272898463,0.30902827978547165
-0.6702323687417039,-0.534813767279039,0.25296486601503765
-0.6754600483596843,0.6933158085293077,0.031209923934485163
-0.6741531284551892,0.7005038680040305,0.025262276338650195
-0.6631680095048551,-0.34890037716120453,0.16170295867228185
-0.6624025443474358,0.04959416382516017,0.36268220151731423
-0.6552452074158581,0.6770492414022194,0.07252911682341166
-0.6701234587496626,0.6956029183621744,0.027187063325207914
-0.6583257838617935,0.2864389692623761,0.3420342537333953
-0.652851836218706,0.46775945949489767,0.20826325509894722
-0.660043233930733,0.8984497953907196,0.13840840846209299
-0.6510642101424428,0.7826270912551028,0.16314062281218736
-0.6560196147803199,0.9746938488005651,0.18357869467613888
-0.6401012043320087,-0.2897570843420714,0.22395851724515864
-0.6466088013771186,-0.26373569698742066,0.25913387579423064
-0.6435073852560713,-0.5002612761782773,0.21185642630743515
-0.63760443733293,-0.8532173450074408,0.4240279480656657
-0.6225260528287652,-0.37503496660411056,0.1915508651601359
-0.6367154990055636,-0.11634631634328627,0.27750176443645735
-0.6378147462830788,1.0333853809196487,0.2762922429082259
-0.6299601000958687,-0.99375900351255,0.22533820048250333
-0.6295403134961521,-0.6163417649437982,0.19132616278942638
-0.6228956582378583,0.7485868467695634,0.11678071484065788
-0.6029506638793988,0.6695433446311533,0.12577361825918495
-0.6263442146260547,-1.1571721511257032,0.35678858660396057
-0.6101392130903108,-0.05762347880870476,0.1928741737751481
-0.6247706269995039,0.48025467693165264,0.18805014669502704
-0.6252333226183047,-0.5492126647889118,0.19295125710354755
-0.6178174428158971,0.4449691505800102,0.21853554425873242
-0.6145999118637238,-1.280819585698678,0.5915011366286129
-0.6129094095973224,-0.3018855470783574,0.24653670372033323
-0.6083120878120658,-1.0685607363555745,0.2413562192108839
-0.6093032787497342,0.8808757563786695,0.1858696831722157
-0.5960668423614489,-0.8044666788182366,0.4921331482317096
-0.5819687094319715,0.0850819812100224,0.16491590186829624
-0.5955609554484171,0.5590842433384586,0.1866765438292541
-0.5891051812133914,0.8357566324412423,0.19332525950170767
-0.5836339030010369,-0.4215494619544466,0.25570597411682355
-0.574885439671122,-0.6241740836181799,0.08873030730318526
-0.5883300923844798,-0.5461672251280485,0.16609320238314645
-0.5848965375519912,-0.6624723328897126,0.15164819978356178
-0.5847337178144908,0.12688355427238354,0.14252795420631978
-0.5831819548290567,0.46382156845059086,0.1984723561886097
-0.5912605234015659,0.9568416859384692,0.2292287378807736
-0.5839251111813187,1.149950133226443,0.38740189719498186
-0.5759689976766373,-0.08175202771529595,0.16282955489379694
-0.5745057344117543,1.0710379677942268,0.2841608547133932
-0.5719696612370678,0.5893082893465794,0.1526147094605466
-0.5707235947788727,-0.04407475511575623,0.15013775125006226
-0.5569434731997785,0.1798247276712879,0.0941813179305145
-0.5511033425091635,0.00661479186134416,0.15568596794553283
-0.5618623615711665,0.6698192929409579,0.1687713660949471
-0.545958371827475,-0.6667570695333704,0.09803334423765635
-0.5497741620271069,-0.2022782835239579,0.3186562968935225
-0.5586594783364833,1.0190812934622988,0.2717504720516398
-0.5487649149898951,0.7238790241163727,0.22952263541360846
-0.5528018715418443,-1.0007893279841968,0.17779850780647813
-0.5524918368052101,0.7749470854288579,0.2208689757015754
-0.5468736510896404,0.8427582136179942,0.24943040095202837
-0.55141659403971,-0.9668796259958475,0.21482273139354285
-0.5498824711364335,-0.07179866755893001,0.13714881238670804
-0.545801277311112,0.32173829426921857,0.2026310686068489
-0.5483265735196979,1.247865363330945,0.5260812262640461
-0.5399204046474034,0.5995686363374544,0.13201673216534962
-0.5426921674558138,-0.47060362626421015,0.1936973307641524
-0.5396654776073782,1.2795679933908493,0.6220471305619445
-0.5450947878862998,0.15050840819568354,0.03207431517026896
-0.5364048957906979,0.6297577858307217,0.15123963935584078
-0.543112626031149,-0.6276680062713692,0.0699328342380213
-0.5336201428273889,-1.1475964890974137,0.24137936449624328
-0.5435700479977222,-0.6362573743103562,0.0642971769708945
-0.5313059872044371,0.13548728349428552,0.023066161858944414
-0.5356449464838364,0.39154141732606046,0.1801521787963345
-0.5286486279846766,0.5211937060039119,0.16204155206213594
-0.503647335610298,0.01926065773136434,0.12809142921015543
-0.5205344260640598,0.2718132842247847,0.14767289201017808
-0.5250050254233515,-1.0987951060960008,0.1517951684192177
-0.523929330788926,0.1661822173892819,0.014440341824421917
-0.5174729210626994,-1.0172898724658976,0.15276157367137508
-0.5173728577882232,-0.11335929880501736,0.1777850863147566
-0.5129729408397072,0.5511090616485288,0.1542514095268046
-0.5162772039921832,-0.9102095682909339,0.2982750908497389
-0.5172298709303177,-0.5746827041588447,0.1639853133038661
-0.5086579890783793,-0.4466215877760878,0.22237854096254286
-0.5102757278077983,0.054424799479416454,0.09891414072629227
-0.5093995379947779,1.1738176175826631,0.3646358911839805
-0.5069762906718599,-1.1373970218000184,0.20269195289046918
-0.5017799070286041,0.18343052176686747,0.026775176102402678
-0.5002634747987715,-1.053352941103268,0.13371621690027827
-0.49698106673099396,0.10558134064833904,0.04720980859617647
-0.49080257131614147,0.07724165078989294,0.07410627709102895
-0.49274906799172646,0.8613870761989667,0.32941245385563306
-0.5003811855982505,1.1363737572633674,0.33855997564325274
-0.49255144883123747,-0.1641096303921307,0.20849495377963073
-0.4948773050674598,0.15682269361212114,0.015043493416388911
-0.47780719038963776,-0.7065568964145041,0.14472676813633756
-0.487950925173275,-0.5091279507116198,0.17539205254425477
-0.48080614751701334,-0.9252366075874315,0.25250321668596615
-0.4861055989491503,0.37398705759117823,0.043335569789774736
-0.4866299239768796,0.4949511093887096,0.18684557598371923
-0.48007251822409597,0.9919071982265849,0.30573542879388427
-0.48791704206463987,-0.6765782735860749,0.10399249065249916
-0.47774106063435035,-0.0317725881578023,0.15047911902303104
-0.4816997837258709,0.2058328063941585,0.06363876421234015
-0.4688653416746901,0.32880484833474993,0.021429242758283135
-0.48410519234319593,-0.6705640218033522,0.10652399450860563
-0.4687800006059619,0.6038695879228527,0.2762140391134216
-0.47216993850949823,-1.063255014283404,0.11573547152953921
-0.469876141631178,-0.47161329006457037,0.2022635724536358
-0.4702178614380312,0.39680269187739986,0.055727785546824594
-0.462482990646914,0.2624160624395348,0.05196482002515193
-0.46145323679204014,-1.1455914870091142,0.22793482013913652
-0.4622099275432216,-0.509531159704377,0.20184583988843072
-0.4676133366365955,0.2986211925192026,0.03340452767746655
-0.43903756222572055,0.10905084882214919,0.08237678883896643
-0.461172753904072,0.2141005769968767,0.0821903592505338
-0.4622649716121552,0.4209579472372537,0.09430536313681079
-0.42223914559795306,-0.6869127436014534,0.11957540357229073
-0.43987630818770046,-0.048744404545578476,0.13368537850535134
-0.4585833923620815,0.36703320114207577,0.014301831232582206
-0.45460948212420516,1.044580371216345,0.3429675077429151
-0.4533721539640538,-0.22024162533626268,0.2267898008896752
-0.4261171226269646,0.04165000509802508,0.1251598916467068
-0.4446298165123155,0.08184615367198499,0.08714501282434825
-0.44279779361081656,0.15320488399085283,0.08203555962604588
-0.4466038517503232,-0.5529170281783411,0.23772140633945454
-0.4488282558301961,0.47001072121126136,0.16969960509258725
-0.437458316685312,-0.9473957959735007,0.22389410195061712
-0.43966108505046786,-0.7406883202825291,0.17896250475578196
-0.4384660186513125,-0.3650665882721293,0.34689918130503405
-0.44369958529588965,0.3264608070326419,-0.004660092033723791
-0.43662713796656427,0.759501248461949,0.37381466949690145
-0.4314610064569068,-1.2867419055753304,0.5032008031785926
-0.4298317129759696,-1.0227870034715947,0.12951540541245965
-0.4352118665828076,-0.12106470751430401,0.14453140973025647
-0.43207921917536646,0.2728803353137976,0.033701762302045885
-0.43111646874173354,1.0010644926717407,0.33855085901342036
-0.4257098484810171,0.2915907252959767,0.01167677749729733
-0.42778925602377565,0.37741843059943786,0.04659055183784916
-0.418473610917089,-0.19858078929415734,0.18352726415771323
-0.41254078789544113,-1.0889428101975056,0.18053323923966305
-0.41276076986447724,-0.023169518343339267,0.1287780415942617
-0.413198070608529,1.251481436859552,0.5474101992040167
-0.41730252597489,-0.09854832297916323,0.1257421337334693
-0.4123071583963847,0.34363392988922986,0.03387281226073234
-0.40782661409917315,-0.9975791440881034,0.15635958746268622
-0.4047772849880147,0.49289537947964635,0.21529258228510859
-0.40078491260915206,-1.0397537301407769,0.15090575853222618
-0.4051236661148765,-0.7981629684788888,0.340457602747825
-0.39105142389732267,0.1558253582989436,0.16242894874445288
-0.39760279796679965,-0.7545488224102367,0.20620554554899267
-0.39659421059248245,0.7939536899830079,0.3710940950398365
-0.3969187976999654,0.9331419246268826,0.3000620315329304
-0.37707465975747045,0.10540248976157887,0.17792757851115878
-0.3952037539144141,-0.12725596061079192,0.1521048345349542
-0.3913224599112967,0.3269762583909689,0.044458023696779654
-0.37864034042992767,0.19878310681984424,0.15547982442620273
-0.387240645421702,-0.645587330295224,0.1560157068386041
-0.38327905221832337,0.2833149900861068,0.0580502883026808
-0.37842443443489054,-0.29183639744054424,0.21214534651082653
-0.377490687826501,-0.2557494719766192,0.18785981901300425
-0.36578602766093515,-0.02633864538169305,0.13486076115864853
-0.38296411306754874,-1.2737511217246493,0.4200759119152022
-0.3600104246615867,-0.4132069878600611,0.34024874941235866
-0.37428233655046605,0.023719355824599178,0.16372678726404205
-0.35168573990686913,0.2372184982118523,0.14053255698322292
-0.3675308628023192,0.7209204277060935,0.45387013157741457
-0.36239552598476715,-1.1469220256797237,0.32557463146651006
-0.36166857929041496,-0.6544671249796544,0.10280478821224014
-0.35955585587594274,-0.34477184549129003,0.27111883357134425
-0.3698963103045471,-0.21249697296952128,0.1852071652761964
-0.3654973705661764,0.9351903795206673,0.27755234230667536
-0.3586648417099171,0.5230481051718474,0.25758967615618805
-0.35450660898892683,-0.53981542277041,0.3371250137326193
-0.3572849521107544,0.2751940125841164,0.08380659474750952
-0.35422819127233346,0.42839653586616566,0.16625294730493062
-0.35307530166197,-0.6775361230032583,0.08105083447168984
-0.3487509829543855,-0.9930160134397423,0.24585626709230238
-0.3479894842900331,0.3800362164226323,0.11800422536536623
-0.34781174318302166,-0.07554952768483088,0.1499240636824651
-0.3419441419625739,1.2336238641737802,0.5426536520057725
-0.3203743982512041,-0.6090287156251711,0.1678158685754036
-0.3236506834706854,-0.6691807526260859,0.05894187281531543
-0.33216154779450674,0.3382834401259462,0.09560429663072659
-0.32849799521729,-0.09655674166877588,0.2091066679153699
-0.3087387092499164,0.25518731943830353,0.15130997575954563
-0.32423742513685766,-0.2985758934313259,0.22563079933044947
-0.3231100305638287,0.3633640266916081,0.10950762734640251
-0.3110370500570482,0.46771021214907144,0.13576524575722848
-0.3184095304516277,-1.0392606481936872,0.24352269610760138
-0.3073132716858594,0.9203072858832089,0.2283123692730419
-0.30650476073825145,-1.286717763860428,0.4188336366898671
-0.30035790095596,0.023781548197158615,0.22041460745621996
-0.30325410000357544,0.509985088694122,0.18394549904524515
-0.29674951123446247,1.1882768711593672,0.43973467501548685
-0.29460220222774364,0.06993838022890037,0.23786395511759478
-0.3012888797027421,-1.1843251272595734,0.3355559324590329
-0.29202739931057153,-0.7880829105718242,0.3133154713104852
-0.29840734229012583,0.7288378283972566,0.3379695285959445
-0.28836779824696734,-0.6995950692818697,0.08706314164942798
-0.29570646468211315,-0.1907377140101576,0.18643076407829212
-0.2870738365504425,-0.04086587125887595,0.2661548197132661
-0.29633347506486496,0.855795902905858,0.20616138452329158
-0.2898420361688651,-0.42112787040160243,0.3799859983852661
-0.2741460393604089,0.3106754028549026,0.13254634882551972
-0.2862684188468939,-1.2557166401588222,0.35747061037035455
-0.28464586304507894,-0.7254821305829309,0.14267601451791856
-0.27081569241779996,-0.6731012530090168,0.10809503796742019
-0.2851766283555761,-0.6476054383991142,0.10993982844269413
-0.2729371262672315,0.9910745255569567,0.31288006843608007
-0.274746485850832,0.49306580873287686,0.16432553366205224
-0.2714633833368256,1.069896858282872,0.40858443253295346
-0.2684170515407923,-1.0672075106642536,0.3198576316611452
-0.2695303568370979,-0.21860786008488975,0.16515700170681394
-0.26788389937842355,0.41356368687380224,0.13533885333249493
-0.2671478021240273,0.8766540873402072,0.1816531589262095
-0.2589257757102474,0.3603114957316901,0.13172732774969034
-0.2607040488439715,-1.0290785192886371,0.33804039851772794
-0.2613901456454223,0.45275718421655853,0.1482530892330444
-0.25139797218579607,0.9054567697244976,0.20910061549452189
-0.2530339952564296,-0.24690564468056203,0.1771367732735526
-0.2501338564409638,0.1519473814655286,0.21983339554979184
-0.2403513484485165,0.281166220387527,0.15643695822083173
-0.2451915835341844,-1.2547728521258659,0.3862600803039422
-0.23585637490071348,0.23462643198555505,0.16859038673619856
-0.2262686277049472,0.8094796416804806,0.16521212427289955
-0.23423655604822485,0.8625468397268807,0.1768608512771833
-0.23944308406836004,-0.6965139218301055,0.18235732833261645
-0.22308101778825631,-0.18107734009176354,0.14809646101456778
-0.23581809947015775,0.06691906633798447,0.23307279638792577
-0.20014594129458957,0.3229980939644721,0.1606986327854365
-0.23352622907564094,0.6008122469733393,0.22550833891900376
-0.224287727527359,0.18405396274597224,0.19590938789377235
-0.22175144352461595,-0.21206233511758776,0.15598308662993604
-0.21615628255683178,-0.15111023242135946,0.16273662528966187
-0.2160126810388917,0.78462952200569,0.16006412394925582
-0.2196182667618403,-0.3495092463557678,0.2729386210067493
-0.20616636904817726,0.4111363024191831,0.18039849291011484
-0.19697398009520267,0.5797641951757012,0.1933186259821971
-0.2073127747069238,-0.9521782664376904,0.40093037373813784
-0.20769094757398254,-0.39694513349653093,0.3722365035758233
-0.20010924378623446,1.2114119072204677,0.2852099873943499
-0.2027621830896279,0.08258623362647681,0.22012268763937046
-0.19899629203287156,-0.320362695333713,0.251508933151219
-0.19344364299544153,0.6148557689687623,0.16471749050280335
-0.1934667339417017,-0.8791681833938569,0.3722743969913655
-0.1960425766610829,0.24915605969974594,0.1685846148487945
-0.19844584888185082,0.5286236606529022,0.20323926478518944
-0.19419669443773752,0.6787845753487728,0.11942685097972286
-0.19213230698047534,0.7487615682639427,0.12506087866095542
-0.18734389495250095,1.2646651667002675,0.41427536766528933
-0.168988944582744,1.009479063417751,0.26168789692026234
-0.1563324582145774,0.41469639950957865,0.18715686795296507
-0.17554892965575472,-1.2110204488532796,0.36111326790135057
-0.17732622356489752,0.6527929137982647,0.10839846231127243
-0.16771400345385448,-0.8393580908755353,0.2784828311091049
-0.17281429669119386,-0.12835635249256833,0.12265914549819751
-0.1704444152643762,0.10890479123592334,0.20404108039469382
-0.16792496411515512,1.0729026273830868,0.21817251492396733
-0.16602854939075246,0.37043109010000014,0.18459223623807433
-0.16363714328007478,0.7099822171654024,0.08292579938948852
-0.16268590291242077,0.797628621501104,0.19400804170579689
-0.17000877529621106,1.149975405158298,0.200712676787365
-0.1580720878468221,-1.0894943030775743,0.3553242302574464
-0.1635170797099944,0.1674884660457521,0.20012732538608033
-0.15472242320160276,-0.20694293028162272,0.18793930385177915
-0.14985322610794774,-0.7285797445059246,0.2660940840720622
-0.15231509043535457,0.6870325397576963,0.09429804110840104
-0.14590038804157027,0.7294304809175024,0.09804103168777033
-0.14520158638960515,1.0465782958796475,0.2116351322686483
-0.1462663970312172,0.5023965924809843,0.20636259805418034
-0.13994859964243123,1.1698540233318095,0.20206988374273593
-0.14116025465073198,0.009602554579523482,0.2705813301809004
-0.14091931007256503,-0.10602448546747138,0.08312786370110674
-0.13332260949225333,-0.7655252841063553,0.21093029691205092
-0.13498596209797403,-0.07674714156094996,0.10783816319219937
-0.1171415103487462,0.49376032446344303,0.17128736652612728
-0.127403764692815,-1.2397777580834044,0.4146789513314744
-0.13100832069524102,-0.297690376894729,0.2775757718689599
-0.1315783994681984,1.234251937181496,0.315829071601488
-0.11500540791214686,-0.8603692988102711,0.27459115508553394
-0.10961684014153115,-0.8273534010247713,0.2271439695637409
-0.12127028746249223,-0.6999950475596175,0.2771276208953365
-0.11852775703371535,0.8717431153064451,0.3186296143533513
-0.12069225121163979,1.0962953666689779,0.19178027598536837
-0.11048196024691927,-0.0846005560721782,0.06326184228568507
-0.11300126742327599,-1.073287795286396,0.3375334472405384
-0.11661355727506108,-0.3703368733582367,0.37772448046232115
-0.11312957994224476,1.1484186777196106,0.2099377201486389
-0.11710030116256841,0.2799588247359215,0.17467649394235057
-0.10601090916212963,-0.13318593174864957,0.05871193393480024
-0.11482492009807573,0.2862689021209577,0.17049462175287822
-0.08892704283427029,0.9785061083983236,0.1712745017902377
-0.09749614551320118,0.2045116955607964,0.20391196190550037
-0.09404664894248294,-0.16216180657457072,0.09021082797126845
-0.07872070042214484,-0.0647907536246908,0.0887269853755394
-0.09879560332072156,0.3361357156563615,0.16553903362149364
-0.09605889070019775,0.43800526140521695,0.12383233670801956
-0.08442320032804636,0.7012557616364592,0.13932987271052663
-0.06881165069736843,0.16224798404474688,0.11799152686176538
-0.0878099382094756,0.6648887335562946,0.15411793466319473
-0.08932987334068986,0.9429132080582395,0.20923293864852743
-0.08609190679696924,-1.1368455296239453,0.23020141302713898
-0.07665847101293682,-0.10745483621297644,0.029644756742661007
-0.08297563875304785,0.09983949824246778,0.08508589634903416
-0.06277400873419457,-1.168255570911056,0.24337271893911863
-0.06521222987743552,-0.23020741321376867,0.12841925252073147
-0.044625705431719266,-0.19464737247348873,0.06491283517747727
-0.048886039737253285,0.2922303519770944,0.11963115270784568
-0.05315471354350692,0.7418292477578462,0.18119256019506866
-0.05753587065817585,0.10926263835263032,0.04871333819406026
-0.056147412320485805,0.5012832903401181,0.11116141710807907
-0.024771982049118606,0.7307584559233686,0.17914604447098012
-0.04796497658760603,-0.786457174859729,0.17048428859895298
-0.04515375536460294,-0.12433019210900755,0.040528965359050116
-0.058130985971830036,0.08437281552863027,0.055170555112495176
-0.057940393485757725,0.08951881265257952,0.05080036001710129
-0.05493711794765032,0.4228592952629755,0.07178280295452476
-0.050179638771986446,-0.23978217350803013,0.1162185153836637
-0.04356928189226766,-0.7093835488516208,0.15359956813911238
-0.04584412370304229,-0.4780514929084995,0.35369384296837203
-0.04413418709740446,0.4745782950617891,0.072150187301665
-0.027476987417794075,-0.16298259742495452,0.05036398156687449
-0.03845440950091705,0.983385585382386,0.15462073287399467
-0.020894266042350694,0.676082114457358,0.17415577138006266
-0.04427420633628458,1.0044192176468625,0.154010124264685
-0.03669666176894108,0.06963855025920256,0.07451890436577711
-0.04012865933282869,-0.009242748312105496,0.18157521994437548
-0.021757225302401626,0.1125513666075936,0.053549789076328715
-0.028215513875764667,0.5588065767745913,0.1705716080061091
-0.03149202080312344,0.8170608308539964,0.2774640555469233
-0.03497826591001448,0.4095890240391406,0.056577761827630885
-0.013034258067860936,0.24519904276988777,0.09482401174640726
-0.0164651641236684,0.3232399299055907,0.10556363589964449
-0.02525225330764232,-0.7739528014138545,0.15203293195186873
-0.022433651678546416,-0.08209467428021995,0.07223040823638809
-0.028912434088027246,0.3863702285547026,0.07399708086455652
-0.025375584607196345,1.141352041814952,0.30686761648536187
-0.024813604239875386,-1.1438686955493145,0.2136353925121485
-0.0006808260176069643,-0.20750805042883855,0.06456043022171387
-0.025578567279212972,0.6028738394241897,0.20418785916405927
-0.021464680538365984,1.040558103347662,0.2041170634244427
-0.017079068091865435,-0.12006477722735029,0.05237763222368399
-0.024519743495583973,-0.6516490053477544,0.18762419981178316
-0.01326633011935863,0.15563300188536813,0.10351103295441327
-0.012026233683101576,1.2962816492036158,0.4304118040466098
-0.012035990457304422,-1.0799080199750992,0.21579259267593054
-0.014485306661296327,0.48900066345990967,0.09065489014415724
-0.001296077685176776,0.6334869383968781,0.20159379777842057
-0.004740991971076107,0.9161469040847086,0.2141511689285006
-0.004964715176931369,1.0009411138690827,0.18033967964616596
-0.00662703185093465,-0.27958552806693554,0.14153514515159765
-0.0027012455224323423,-0.7297965361415238,0.12229683330779266
-0.006565130017851581,0.0008509527432129034,0.2055956852026533
0.0073975343321785805,0.19104954767752994,0.09707583051195176
0.0012043068115869138,0.8643648110165504,0.27389509275389284
0.002808453653886569,-1.2819223008702196,0.531990454307618
-0.004782416461257058,-0.5736044261615314,0.14680250446161303
-0.0006704930554476273,0.4309181269351381,0.06893969235497532
0.007318473745363376,0.28182972178839216,0.09020369946511897
0.001837764885599392,-0.9128096824570915,0.34046833398089527
0.010942520139067824,-0.16600527940636356,0.06301807546607162
0.007499794164545636,-0.30190664225699615,0.16139471229112304
0.0072231775023271225,0.4039964146717088,0.0865260934656605
0.02153403342122393,0.5529024699536348,0.20200255218125193
0.03472561643405496,-0.2269987822651644,0.11195841634416441
0.017948088968590136,0.26256807720677355,0.07922304686544827
0.013112485321958373,0.362752200685685,0.10272704114823951
0.021769619578215573,-1.1067606410388127,0.18409970793448635
0.012633281356976854,-1.0428456020983787,0.2581033714969413
0.021011381720345508,-0.5517086880498401,0.08653246553807217
0.023688434752005286,1.276252594915931,0.3633744308414613
0.020801530760070963,-0.7451129113555927,0.12494266836917735
0.02553286647989617,0.49556204412796956,0.1565018013838686
0.024971986552870255,-0.689790619910538,0.13459686348243396
0.040043793065257245,-0.4469577733498631,0.22301933217740777
0.02134608072027734,-0.07852930506707977,0.13408946526832902
0.02610120172872261,0.2306606245418431,0.08472966926370071
0.03139983436058581,-0.8217276873193655,0.23710371691119142
0.030892278283545637,-0.597354409472083,0.08089298176579841
0.03852769027742899,-0.5242159313671924,0.0789516061916063
0.027275624731412353,-0.08082851601017284,0.1415346944735237
0.0355378904524226,0.7458724196117403,0.16726296411543307
0.04619369371931966,-0.4905534911971782,0.12940069452257547
0.03688265441250763,-1.1366612325702623,0.18950244854968104
0.04271502789945362,-0.17799397720597335,0.11810643704676904
0.043942225954279567,1.1545996162957872,0.3098448811612468
0.04794900098617817,-0.6589052372409688,0.13393241719339152
0.0642204838955842,-0.3615904457838781,0.24359866243285577
0.043513452946520856,0.11071856148799512,0.13214505181419564
0.05650604755442449,1.27802948095847,0.37320036050644956
0.06916879077518712,-0.6060128201083038,0.08782975545543072
0.056134546018063704,0.21489512421053805,0.09603457626838342
0.057044053361600254,-0.3162525901951332,0.17500312199356816
0.05873909685870046,-0.8080611301426642,0.24300170774396798
0.062221520407668575,0.1573254138603124,0.1145989756042837
0.06414044692635529,-0.918537552349022,0.318254331480265
0.06285657174481366,0.9758456903468273,0.30469297459741596
0.06720009163610091,1.0721831760430691,0.3413140250910726
0.06485400506563008,1.2171394424284134,0.2852211196069967
0.06835443564765202,0.3268120306921775,0.17996713934162684
0.07345744400077737,-0.5625197952684485,0.06788645201130829
0.07739004559914864,-0.16446766647932698,0.16851420085393273
0.07410712132750369,-0.2839164484878921,0.1404824722952965
0.08395472995949957,0.8746786406024375,0.2531565798116808
0.08346590303393527,-0.524284955150233,0.09783237183892256
0.08262960202503465,0.0887472575282391,0.1810452683339696
0.0785746512048897,0.7326236028568381,0.1369998971105487
0.0807791709604581,-1.0048632423739903,0.25654138479423755
0.0786367702373873,1.1690628896893802,0.3077302704159665
0.10632122777718817,0.23430135705362826,0.0999197605899617
0.08031642614067021,-1.1986597426715115,0.26804652459632927
0.08627768670702086,-0.9593906643554962,0.2929205638076772
0.09661278612915314,0.8006980142486432,0.13126804981678755
0.09205348048994842,-0.5806719201444894,0.10841616168041118
0.09142621408009051,0.3853280012890927,0.21932915008243817
0.10793571246080617,0.8282033088994962,0.16861404678720104
0.0929350777468802,0.44237313396405303,0.22140698307365442
0.1040428510129782,0.07852555444829314,0.18630721749079343
0.10475403612683588,0.6520879867980592,0.18962214700413962
0.10066522792392464,0.765000365290863,0.11939642837808198
0.11662737532609681,-1.068217181306408,0.2487483761996727
0.10414792744719946,-0.2842542294779007,0.18909378749102634
0.11564893261684925,-0.7230366359486439,0.1517228898932077
0.11060054194788825,0.7102213620439117,0.1378937527474304
0.11167536805873797,0.16669144292217744,0.14403586672996752
0.11393435811716127,-0.6551372417542141,0.14146420824116385
0.11300985519829508,0.6180205652080788,0.2130972215004001
0.1255793495738802,-0.48531453181129436,0.23883862065182948
0.1227647408474347,0.09955863838044446,0.16207182903489126
0.12891216455785526,0.7362027139801952,0.1389015115176553
0.12898026999762227,-1.1547052397574196,0.1786145710169524
0.13695760809148264,-0.6878610710311506,0.1299165727982501
0.13196802009589076,0.4253201080593974,0.2808059687683842
0.1296758003239383,-1.1136534334240018,0.21973599242027497
0.1301890512279703,-0.43567588717324446,0.3285130759016272
0.13755005839289988,-0.2702989142039444,0.23867921985479443
0.13633602788770302,0.2664346889188468,0.10701134951882821
0.14004708104604313,0.2907082409503934,0.14903816683626803
0.14672971748362648,0.5449763656657073,0.2379464476665898
0.14993247799032122,0.8678930607539208,0.27344695884481496
0.14602165392523256,0.2316325952147936,0.09067328709457045
0.14788155335588155,-0.18379529690403856,0.20190105056268018
0.16629274195654897,-0.765824125406427,0.1616042018359051
0.16057890738775774,-1.2163674022689186,0.23653571117500446
0.16628877861324454,-0.6824015478473999,0.12322296814242899
0.16093671694152334,-0.15889488745113817,0.20912830080996186
0.15732710852976098,-0.1173840951854605,0.2383663386912299
0.16058316842144726,0.505253311210279,0.27268642696966944
0.1659715687413202,0.6005901205617716,0.21535006371473936
0.1684141736094437,-1.178361810149896,0.1652026748821246
0.16377564907493303,1.2965233431089058,0.4818170754805449
0.16684756112922897,-0.03049092274421546,0.35408500885508004
0.17290323252085313,0.21601741249349288,0.10026757152526644
0.18046687939534256,-0.9917956934804341,0.3091783841472918
0.17073593662159586,0.6378014153133683,0.20341432924803948
0.18240857618205875,0.7746740338268848,0.1875726132923253
0.18646689687720333,-0.8673870439684704,0.3283909392355544
0.18402219094632444,-0.08650187066333573,0.2977965516088923
0.1894899867461898,-0.7875832156616569,0.19839046886591574
0.18743459099448512,-0.7223511092246153,0.09245441988525754
0.18684697348044735,0.24672245582490768,0.12034473399456752
0.20116527838782997,-0.6913636300813729,0.10875637090389001
0.1957276170048914,0.08910586226608974,0.21334893645484754
0.20607017766034155,0.06520850862420936,0.26340477181396205
0.20342987846321164,0.12388943524579558,0.19210421584001316
0.21851579596331172,-1.1757965989310644,0.16612856665839612
0.20520669634102104,0.2067367876716253,0.1549188745012079
0.21186418923693656,-0.9601158455220148,0.33582826654415826
0.21820386160735933,0.84078587829819,0.2517478484417903
0.2094044920480803,1.1636229009215524,0.3835511729895022
0.21560647253842583,0.32150851982549616,0.308572812627768
0.21776101911310727,1.1869957736446948,0.3534229030988753
0.21588495238644242,-1.2052992697856832,0.206813480780854
0.23029055653571798,0.47011593327367185,0.398413405533613
0.26038999443731925,-0.7264392527271686,0.14506483243219728
0.22697804660253773,-0.17509286437420493,0.24581093724597952
0.23208585794154585,0.5913876871428905,0.3236140244864822
0.23209165053715478,-0.9142572318212324,0.3678001223311081
0.2394954511201842,0.16596034535919538,0.2218858353875672
0.2582858732262132,-0.76132706956534,0.20146086590113016
0.25228440870074714,-0.6456958932190942,0.22459624783854654
0.23968883276458922,-0.2540050842439528,0.2975369870826345
0.2441580703396329,-0.317074325012133,0.3412837700721834
0.2518286665441212,-1.1972382219825983,0.20779292817400347
0.24838476864525083,0.6799620382148299,0.2941695231689654
0.24970247333515466,0.79506560179148,0.20528404283281615
0.2597137499679082,-0.35904949763435884,0.3841437452018125
0.2726017966069219,-0.6960664438193274,0.15894728549736856
0.280888403465587,-1.0717835266278453,0.24036721291040622
0.26751965103270164,-0.2180902676986647,0.3182280699901285
0.2686806726459715,0.7867605817007064,0.2186213420520603
0.2745635051176301,-1.1333028274699612,0.20327584280125485
0.2882652518030377,-1.101186442570338,0.20755141290412835
0.28595474442712415,0.7831760223974353,0.24152298983570156
0.28694666638578664,1.1611151092696221,0.2953713606607476
0.2895536915052634,1.2777016927476057,0.32573744529101833
0.2887589399613341,0.9853963074460048,0.4473481344592807
0.29306222758556844,-0.09260011895686898,0.39043436430965156
0.2981046673757738,-0.6814201698100246,0.20281388698111716
0.2992299254135441,0.280591591789681,0.2836948428129245
0.3013139740930252,0.7132728011830737,0.35407932646617857
0.3251921455751436,-1.0233384344552634,0.2713692622849018
0.31041882547825334,1.0157982949634692,0.40674257743860953
0.3264193795225287,-0.8655323024872915,0.4075360585655171
0.3275387440591253,0.07662075788083636,0.2528193377471452
0.33746754293177916,1.2526046940960256,0.24051002611808456
0.3454247792252936,0.20059551793393862,0.17269801348974678
0.32686583589401313,0.854197043717141,0.29876936189726694
0.3283612538616567,1.1841501040070896,0.2458325562578593
0.33976627706482276,0.11349847790506448,0.18875714842992988
0.3392297549098581,1.090067883084507,0.34236116327950833
0.34719450238016675,-0.6032021642730797,0.2615432677345086
0.34382316027540144,-0.1317793394736348,0.3938972756512065
0.3484335896462039,0.17109239669148096,0.15948785186168832
0.3523302305403888,-1.0435473245109983,0.2120653838894139
0.3503534023328005,-0.39402878325291335,0.290709427340921
0.35258851911965783,0.38938140311519925,0.24378903228156304
0.34873822959565876,1.2834450360448266,0.29249481005110134
0.3525742450059026,-0.5238869213899017,0.27928868003328544
0.3471459066417496,0.09077569283100181,0.2172192066450821
0.3568121940627859,0.2396201195408689,0.17027160390715287
0.34705397845719915,0.42455108124657215,0.32996549519751245
0.3517227849646553,-1.1671373739026882,0.24937497255027558
0.37067372157567197,-0.4871140229397024,0.2615294321008908
0.3620660403671655,-1.2238663850064067,0.34799925437472523
0.3743274858446083,0.9407398832592735,0.35225381854214294
0.367600648144535,-0.33262621740769943,0.2284398656328662
0.38396647177855986,0.908566015624039,0.36283271122883903
0.3818381543768376,-0.6927163141845438,0.24988820314246415
0.3860992578154518,-1.0679629690128933,0.20690113974460184
0.3844114695376262,-0.3158315137724157,0.21694356017323138
0.3912980657628367,0.12266164902289312,0.18790603189760388
0.3943051452305016,-0.5458684873862332,0.20093857494729764
0.39177927880501606,0.27989909265781204,0.10988455499759901
0.3985558381551704,1.2978751743503247,0.3411614434680748
0.39992034715617686,0.31408886566628363,0.09700027222147246
0.39979703651274423,0.3520317019518581,0.1188180985273728
0.39834813812610087,0.42696533923216196,0.29896831728574935
0.40144036301737257,1.1672372414151142,0.26729584686291374
0.4075211106818394,0.16519770850980314,0.1734078863501772
0.42468598548809916,-0.9187077379628482,0.3876243634422267
0.40716545963127426,-0.8261878022730419,0.27781912702018413
0.4105193640200502,-0.3186639994754379,0.22189792826435772
0.41453569508601273,0.8369312733865283,0.420440024963571
0.41396660202900826,-0.2861731863034823,0.24531371262538562
0.4198985662621888,-0.7882158558724539,0.22541166118062733
0.4199873697941608,-0.7336256997591384,0.2090848073184055
0.42329478711969637,-0.53230854231306,0.17540273681805454
0.41907896518482723,-0.13775712132716328,0.31652854012183096
0.4256650373810261,-1.241802563335195,0.40137517212877344
0.42563933295378564,-0.058646374223755106,0.2362348090952343
0.43022530798373887,0.2643504670193801,0.10916040190544889
0.4256199711774229,-1.1115405795784012,0.24128294401831016
0.4352214760757801,-1.0870619697672084,0.2561415899596767
0.43397366191831727,-0.6387505300741115,0.22132124049830215
0.4375807697970425,0.3304759663101364,0.09624985847380983
0.43998882946073264,-1.0148164055355384,0.3224545116339726
0.45291745724819626,-0.7776707500419587,0.18691916601887362
0.44013048969151536,-0.3203604665438808,0.23044188899631352
0.44342070432105485,-0.01628119406038818,0.2357917729859947
0.4461013178821597,0.02137171511453422,0.2477097747653711
0.443467004221053,1.2346426643334434,0.26534695451542717
0.44959252800715677,-0.4788469048913507,0.20882413003161424
0.46258613041155544,1.0712447232342281,0.24188857866838995
0.4532208748747357,1.014335789356058,0.3180428105729259
0.4575498182558712,-1.2035695228532632,0.3190798297918135
0.45367518512725064,0.23449979405790083,0.15493579214460712
0.45922040544077625,0.31234525293174,0.1010329481847327
0.4581051929414528,0.3505122197870344,0.13462019264502387
0.45972809919125496,1.281093385323512,0.3448595472939014
0.4606605154141741,-0.03362137318538825,0.22818841106647006
0.46224432119767855,-0.5426314923881478,0.2028506611790567
0.4681369298635427,1.123623693704674,0.19791305376944068
0.47330883874144625,-0.7027861472808451,0.15482852909590109
0.4757373914656426,0.04246835152295374,0.29335503921328215
0.4741091198562358,0.6170304096595208,0.2864661725283482
0.4800143564198719,-0.41158363707651585,0.30907367702002747
0.49101736212875813,0.21335681585014304,0.20785834455065344
0.49514025429385644,0.5941535583440277,0.20973453667636877
0.5028130911400773,-0.13199046639951403,0.26666117838151465
0.4942385788459534,0.562708821000417,0.2504704291607692
0.5081803961365757,-0.6396502115433362,0.1841893937231204
0.506337603352948,-0.07933765923023034,0.24064935731355971
0.5065030658667826,-0.2777910265057634,0.31251314133153424
0.5102505696470168,0.15121324078568626,0.27839941224586773
0.5094066884508226,1.0991699213238066,0.21679161656570445
0.5058487535754674,1.1651896575247571,0.22831190988734507
0.5129198383916184,-1.1690110210036722,0.29007274375056386
0.5144147194903903,-0.8375263980605033,0.26915509692401984
0.5142743932260142,-0.5308316577509153,0.2720392166761633
0.5137947108450471,1.044404109428617,0.2647142370369686
0.5193943403773671,-0.8054500022972562,0.20098507489767814
0.5149552073157978,-0.6682115659752611,0.1377787066889868
0.5274273121061366,0.3608783756120907,0.1871407768022054
0.523850143145463,-0.4518661169313352,0.2901762236549341
0.5255735493994973,-0.18858571807719202,0.3119569263701941
0.5256611293475505,0.8772522185494477,0.3637739224783259
0.5202208658027976,1.1368056738130008,0.2273883684101113
0.5216184958863405,0.7742058884802259,0.4308858821937029
0.5300882507099306,0.19707650562599086,0.26257213205521224
0.5365096292198466,0.6529657909571059,0.17103329103798204
0.5357397471843272,-0.22000338472867242,0.32501021114351647
0.5374705330037938,-0.7021043554985003,0.09694703096530824
0.5399952646374769,0.591504767787468,0.12909074914148239
0.5455487222211615,-1.187846689963769,0.32594945210648313
0.5490959963891228,0.33133116412772645,0.17469163212960181
0.5506013521758202,-0.9591712016340497,0.3693193497915685
0.5684479680785777,-0.7528920959938366,0.11302113003315661
0.5591036544504474,0.667066502098887,0.1803227700537804
0.5665339423085176,0.9407982068727725,0.24079762948970562
0.5646510277543848,-1.0548867481395083,0.2127123143266179
0.5728402033768542,0.5511875019436929,0.18246412230766654
0.5646305469086099,-0.6643715199245891,0.1361403386237127
0.570635168839353,-0.6895584535327176,0.0975058557800892
0.5665495008788096,0.15954793753510774,0.347847918713458
0.5792059883749724,-0.1030168569618298,0.3339323604415969
0.5926152923073503,-0.7298649269322249,0.10869814698068767
0.583334452593403,0.37572786526688245,0.2034373481198721
0.5829273733132586,1.2096021047116117,0.36736355406602145
0.5802547342772811,1.2999488205987904,0.5015366109261219
0.5894641632042897,-0.7931836036427625,0.15884075661163388
0.582809122043557,-0.4350066574483937,0.3320774692740014
0.5921125254258515,0.337983602608891,0.17633832512410688
0.5900144324601668,-1.111043487603554,0.1561252795433569
0.5937447292618521,-1.0614056799087428,0.13165344470894533
0.5919142624735215,0.6046442974228902,0.12975715321772202
0.6140909949495613,0.9629299936173104,0.1676113671404024
0.6132816518086226,0.3698238391344328,0.20277560224548338
0.6103540351010475,0.7341610645015414,0.30273272639437543
0.6131757279105601,0.8795758019912808,0.20017465747845473
0.6100963013807792,-0.7562704534349771,0.13183591807053496
0.6148437045754523,0.4960685706208327,0.30040103727871803
0.6225059478588998,-0.31949985462764646,0.4137317096019337
0.6230709941843235,0.33701537328438674,0.17659464868254593
0.6258862271309343,-1.103269826653386,0.1052335339623853
0.6307655549361354,-0.5041450160479766,0.4102953786227011
0.624899118214833,0.6449205644658549,0.172735359015266
0.6356891941596672,0.9248336993381011,0.12877187897298
0.6367006049524238,0.23089269512149446,0.2961329176740534
0.6388939715180659,0.552489138264849,0.23203723209847565
0.6385999552466538,-1.064114774328509,0.0888097111880332
0.643058770287792,-0.4433408895370183,0.3472996471935447
0.6403241824441476,-0.6370197442546451,0.312745726352188
0.643097441226995,1.0426359267703897,0.32596473435176265
0.6497248587030975,-1.1120134083243367,0.11658622133132036
0.6446874697142275,-1.004689976477561,0.18099243381396335
0.6488879022775509,-0.8673239950653039,0.29589911822854303
0.6452982319991407,0.9576675867114487,0.1445101991893153
0.6507751903995803,0.6721548914270213,0.24560241596696925
0.6566164387746593,-0.17807303779278855,0.3490430759700328
0.6596329292704116,-0.09810102162134661,0.3439762081827267
0.6632037637682764,0.2881143765759623,0.24620254940517056
0.6697955814317902,1.1992974259018514,0.4010020448460434
0.6702769993626139,-0.780402066010833,0.17288243875878204
0.6660610962298174,0.6028687382536023,0.25085790135542646
0.6692267842527226,1.0036137507661518,0.2475059511858278
0.6661416380454255,0.09321771867857358,0.34751092722100174
0.6754132886810185,-1.0131569032830714,0.1954832058751485
0.6742086584006942,0.904419241665517,0.16867582228553415
0.6742807932898892,-1.2361343828848903,0.30384255933244936
0.6758739853169609,-0.9360908119141905,0.3230252513285386
0.6757667166289586,0.8600472532108563,0.2086873169172881
0.6823730395381371,-0.8728113689416654,0.3146676304379808
0.6877709564884747,-0.7521538264793661,0.19186615378266025
0.6822303717473092,0.7650431909148523,0.30866749667179744
0.690378486291379,-1.1020888678075593,0.1528827293069823
0.702069706028493,-0.13676497869128884,0.26950965961547807
0.7014563080203141,-1.186383526109153,0.1962140732049655
0.7009847680918094,-1.0753730502460832,0.17635468361390594
0.7045536575381574,0.2427906305218042,0.3379068566214437
0.7045943875477516,-0.3775873126724759,0.3116116529174535
0.7169812378672474,0.43134886857776444,0.30765082285513545
0.713664296165935,0.4842202682746525,0.2618193229389302
0.7124221389286488,-0.7015998563095607,0.23789133904640994
0.7232102411613855,-0.3206362173747938,0.3398965370329229
0.7156467326968982,0.051994121173641064,0.2435336842937065
0.7148371301715246,0.8651244828773854,0.22916161695716464
0.724564554628091,-1.2107739403505062,0.19616117030539856
0.716203194464405,1.2807980875982554,0.41127234035545057
0.7243424711442842,-1.2804599772343908,0.37313218401574105
0.7247224525928366,0.2778380501636271,0.3653093978158382
0.7278024622595907,-0.7127549255556386,0.24811994151024797
0.7272159413601165,0.10696861359963432,0.23791136699433707
0.7313869520330923,1.1775792961011067,0.3781942072376216
0.7475711088625348,-0.4577802997770493,0.3551567022245139
0.7386300455189835,1.295848621333861,0.42793492592761906
0.74252082051947,0.8009733356620902,0.29454937855083685
0.7521618300422133,0.47766412337925185,0.242795081694014
0.7596614381002298,-0.28091311294427934,0.32453396676800766
0.7576788491470712,-0.13848361503877965,0.2061312142274407
0.7572263538462515,0.00043964282413072294,0.23810773368672375
0.7577703138281702,0.08305961235536362,0.17840957683810826
0.7623607499614538,-1.2349139459428449,0.24422682359092293
0.763518171939606,1.0972761702214862,0.39961108498646475
0.7631538185116861,0.45476662262827483,0.28547350548118056
0.7628541633560135,-0.7816277852760045,0.3000992259097134
0.7665851239079979,0.9974629774798177,0.3753108463906972
0.7801399598064834,-0.09683348182226119,0.2351142836124632
0.781901689214887,-1.149768485228782,0.2742118547081683
0.7807761670539749,-0.2591832204930047,0.29964139029237946
0.7813937288710882,-0.13263578911317622,0.20707273756576092
0.7832905162029609,0.04274239320261185,0.17553379813470696
0.7902240611188579,0.5971084404378385,0.2178684701774082
0.7912212980528505,0.7730241767821819,0.30147520129577815
0.7947309562731101,-0.4193894137789618,0.3465452076438338
0.8020602558424593,-0.5522025365397324,0.3306081148858014
0.8085804030879111,0.6953487950474111,0.2604518544172299
0.8264739017135464,-1.2360796209048952,0.33259954516722257
0.8140942250244423,-0.9421515876626105,0.4592501260818498
0.8072706274257226,0.028568650037628564,0.19436547675005034
0.8024732025062945,0.11988415137698821,0.2378370293578642
0.8087725838447005,0.8892042244811669,0.31627880280869386
0.8235758764505076,-0.6511362475035055,0.23731129617544006
0.8134885775702487,-0.677443589817365,0.25365860442691024
0.8113791629875547,-0.12536060164482027,0.2546921446066616
0.816341133121406,-0.4600525933569688,0.3883711262140156
0.8124954904059775,0.636281007072202,0.2000390836812489
0.818168162949455,0.21070071608712668,0.4140583923079827
0.8245521933202545,0.4960673983320994,0.20873678632231124
0.8187850424463604,0.658053657372803,0.2061466472175613
0.826830051595303,-1.1695752750742807,0.3579497363378792
0.8297811077604552,1.2487875189962943,0.31172189434310243
0.8277301831260154,0.553751284061505,0.1761628445412996
0.8336125854207886,-0.2321681573179764,0.23709325770719095
0.8442218088567655,-0.5823050397914568,0.2757480498954933
0.8475902635846229,0.6890094485737305,0.25591959041897755
0.8550007138648921,0.03666736131151795,0.2399107395677402
0.854892180658847,0.8751978124720801,0.32136883333167776
0.860207142752718,1.2681427465230615,0.36300183547547066
0.8619600750055728,0.5775133698488684,0.15503581190217752
0.8660107698060875,1.1729838674408881,0.2741224306848025
0.8762232420568158,-0.15187844059667344,0.2606442729098985
0.8673389154119824,-0.7936902649158295,0.25824925766426116
0.8690190403970655,0.5079774936947742,0.20342076345322835
0.8710274459970979,1.1326682699318118,0.2725812179585322
0.8746296600766704,-0.9961245259270222,0.559275414824039
0.8756530754781526,-0.9296983306792665,0.40927661102931256
0.8725797716402386,0.17733430061034555,0.3967337009199297
0.8810772303446063,1.2739842168908901,0.4004656759410529
0.8863329334097895,-0.7623929170175192,0.22645474274515373
0.8819231351051872,-0.6264158713931737,0.22204636607860287
0.8877710516273379,0.9317512439942086,0.23678080945125043
0.8902873182738672,1.0115004901313385,0.2274255593940763
0.8958408786672533,-0.8003363278756231,0.2159897398267098
0.8879701148905687,-0.31162639076047177,0.32524950961419896
0.8970738473425852,-0.6161439845456013,0.23469816029237053
0.895776547335567,1.0327276234170577,0.21879679757192105
0.8984103477387458,-1.2852036124432988,0.5595225853035779
0.9068876408799398,0.5671533567231564,0.17034097652455724
0.9139192068328867,-0.26146550445467814,0.22981492845969254
0.9138207286660579,-0.23732558789320907,0.20104588201822315
0.9139542238250783,0.8217388408112897,0.3352225407494146
0.9162297825981834,-0.4003979351824634,0.4836638699247341
0.9214802400284765,0.4449903245372957,0.32077892060713487
0.9181590782077257,1.1408269658268322,0.2731475621899149
0.9253584201129136,-0.768008761955175,0.1925715826445439
0.9262746935263215,-0.6160162267362507,0.2801299079162249
0.9226125681923585,0.037060499819374274,0.25479313166249395
0.9290745610534732,1.115999888045145,0.2540662671054493
0.9323846801278207,0.015868663248337914,0.2629550778653354
0.934262912063216,0.9809410469551538,0.17588324494569638
0.9513018803180707,-0.2164117752133562,0.16540717071823255
0.9520178974817647,0.6477787164762809,0.28466738107197287
0.9497965022058561,0.3480783944246596,0.36055298264723745
0.9505284332036515,0.5791948922534619,0.16538072709924528
0.9595436248184667,-0.8732579244595791,0.2632464447016708
0.9683005807740439,-0.6758721647736615,0.29952715200951263
0.9592178611560069,-0.17911328089434156,0.1920851827316022
0.9620519481307861,0.23073318387161243,0.35983006283738306
0.9782528633874945,0.05868795760079959,0.2000123400707952
0.9622954089288455,0.5486272339511034,0.15302532591720036
0.9713307837694647,1.0275656992800215,0.2291534014360181
0.9717605904779941,-1.255682954045005,0.623790480621986
0.9703897870685759,-0.7846202654311566,0.16547192547012277
0.978660774940443,0.4694782027346411,0.261115016738787
0.9851082247319056,0.8710049460423621,0.1729516416233094
0.9800678366319685,0.9524240351396518,0.16523226822689277
0.9778046318358925,0.023069416195326733,0.1930278292439876
0.9806832214664986,0.20937310027704634,0.3573935265762528
0.9912882060708278,-0.8739691126984158,0.29010385913136494
0.9867742899000513,-0.4922106640259511,0.48259304251965235
0.9989405766051975,-0.18138022008632296,0.1774752852080109
0.9911822991815339,0.8403007337881879,0.2346054044643783
1.0035391480676088,0.9224158998013697,0.15216774232212116
0.993113636373732,0.9863994039868327,0.20932429635669797
0.9996673429123548,-0.805998373660692,0.20786011013881048
0.9968561797366042,0.2693688131461645,0.3042018339129168
1.002390370970903,0.585495973787027,0.17642751080109154
1.0150083661772542,0.5440384234730399,0.1845461249515106
1.0283986586285652,-0.16322588312776437,0.2023861044583412
1.026986779388603,0.845649282142434,0.25442702584051774
1.034677831564358,-0.20203147088802334,0.14186169875385254
1.0290414153574572,1.171256042051463,0.39779229728132337
1.0432172244206788,-0.7880833487154705,0.2541548212665199
1.0433244059254863,0.3416662472602771,0.24081737030173403
1.034660901894824,0.3911783588173603,0.2629247683963738
1.041616247537672,0.0421184613664237,0.1423941735886702
1.0411302366981883,-0.27495755154615653,0.190268792980363
1.0439620491688197,-0.5115065766042576,0.3602599782557933
1.0421594361229782,0.018080264343635157,0.15660657484780086
1.0479946828034783,0.6446919493781585,0.39134628403505173
1.0541597037645614,0.5261228359323431,0.2305035100635975
1.0572007890778652,0.8901446181097437,0.24755720105066384
1.0562396668639573,1.1457520105996717,0.36135199953209085
1.0558058581257477,-0.7272843456584387,0.2671238105916669
1.0747571469623332,0.35791908223350194,0.2099778012554992
1.061357297447342,0.10864736761837124,0.26328406616376343
1.072528013705078,-0.6106447734667996,0.30403176841035934
1.075644591104577,0.2837986798838903,0.25774782335490737
1.0930029509535146,-1.2819756682215524,0.730823714065952
1.0790617717596238,-0.2149753734294344,0.13589518536482875
1.0758632794739786,0.006695296495716353,0.20657390529702924
1.0783851527860804,-1.0395905077672833,0.4455458852856845
1.0836114332898965,-0.05482323013276604,0.27358697791901604
1.0986465332146202,0.5636730728811724,0.28644952109225724
1.1162466846729175,-0.24103086256143083,0.13711883762912955
1.0860836736823867,0.888658445792845,0.326480983609413
1.0873207794894195,-0.9095125443418697,0.3282993449332486
1.0968875998285623,0.07190931672630235,0.25530791157512656
1.0992274884274742,-1.217539775789203,0.5810375408894772
1.09865329125932,-0.6341160116727217,0.28345502437163317
1.1081375828232758,1.147461794110099,0.33350175134599086
1.1057334178294258,-0.35781973258208705,0.22414282556523174
1.10214001262217,-0.3213761646736625,0.16503381603430417
1.0999028112581424,-0.27216424446533516,0.11503827924600625
1.1002483070000073,0.11677818675812546,0.33883091033298557
1.1182413722581042,-0.12260093320241885,0.2500049819431522
1.1304911906911197,0.36763036190016385,0.14682172096275753
1.1176156902474659,-0.2640463230764408,0.11949176117438572
1.1277469438444603,-1.1575622681430158,0.4740083044539719
1.1375443759392998,-0.77675518601005,0.2774839385607582
1.1328025936370396,0.4766844455668305,0.18750775258868416
1.1340075745744516,-0.3709576165079478,0.22575775309978358
1.1360775488751709,-1.0616598032235056,0.34751518685803584
1.1447095159557263,-0.5972557356753045,0.2519609055881264
1.1458937283151835,-0.5338745561102993,0.19019083534025272
1.1556420694242862,-0.510775701016329,0.17922569586375325
1.1527568133713237,1.139826145371334,0.30168127934477645
1.1550090118269618,-0.7233369635024546,0.294801147392343
1.160975602972243,-0.4833940901618959,0.18835837406067013
1.1558045375909378,-0.9342054098101329,0.2053458654820118
1.16149039477113,-0.09223285704813064,0.2693359174190138
1.1564963333774125,0.25789100400709336,0.3438042542436819
1.1536179219780003,0.42521571145441367,0.10723262454752926
1.156088897503313,0.45208177777545416,0.13736430449868506
1.163416647725522,-0.6936774628957636,0.3175147424567026
1.1680421906081382,-0.8733200343551069,0.22863541824309058
1.1639828742098153,-0.8022654790608128,0.27760774918329306
1.1698254949017184,-0.4395968355734797,0.21074351779685876
1.1722687961954823,-0.2564958481458529,0.2054312950547226
1.1733842814999902,0.3413925391458999,0.14944136617475062
1.1731345925517935,0.4866525640315003,0.16678311486348235
1.1838382665696083,-0.9101768952933215,0.18976339772615108
1.1790435120620204,-0.4649893089999119,0.20172819073649959
1.1974772654966044,-0.032886703731421184,0.29309998465005144
1.1881742246835219,1.2197783323650482,0.36843583843071653
1.1948964649030362,-1.0315172114496076,0.30347153772747243
1.1861118231590204,0.39441596570514637,0.08880229229955869
1.1977397087929573,-1.169219738461459,0.5335339164486513
1.1923817742150475,-0.9804762689235428,0.2043822311595579
1.1958569816814482,-0.16782339743068364,0.26632860808647646
1.1949119832296125,0.31654378548550355,0.21022427291557444
1.192942349831588,1.1614663994094874,0.2908547329330166
1.1936532350523665,1.2997110856447347,0.6366603787897578
1.1995870566652562,-0.102424663879034,0.2836006970783935
1.2045882171378932,0.41450832332661414,0.10229862948394577
1.2072029994371996,0.9250762715931026,0.6125964567095921
1.2041206953985537,1.104953224559465,0.32159348935692134
1.215033806055398,-0.5257616299766034,0.2795307199354896
1.213626380549324,-0.3362747451885093,0.2898889256552555
1.22960431559351,0.38299350011741584,0.1704636223355055
1.2177390986768755,0.5615039999565037,0.282847507357535
1.2292351834199098,-0.9693245066807081,0.2413753565575928
1.2375631812553531,0.5387340910020437,0.2247722000093003
1.241844916439786,-0.9141550802753375,0.23357951978361652
1.2413285840684265,1.1028609426012501,0.3317438497672188
1.2654312030763268,-0.04102237934641004,0.34578306986211116
1.2714879816549916,-0.2463711630811413,0.38934267789277327
1.268667086493706,0.43728517262370364,0.2330533175509087
1.2732562534079312,-0.21145277506575005,0.3975138305404443
1.2751396910976347,0.2515393673682667,0.5078888166069668
1.279595319883145,0.554127203415416,0.24087223013578815
1.2731428682820165,0.008927512964973352,0.37491900868475353
1.2802003753944855,-0.33613773957533266,0.4202847125110044
1.2790705449079438,1.0206142416847086,0.4916938177585617
1.2835257604848116,-0.8214624461095816,0.41116499223651426
1.307059332006444,-0.9205793017400482,0.42108348736252
1.3092091568301853,-0.43043443090669825,0.47644003086463116
1.3207944394378237,0.08537062324983179,0.5309962104427229
1.3178294757857139,0.965672471126481,0.6846303414358029
1.3191023812014582,0.03186820446041153,0.4793492083980769
1.3258133749043914,-0.6813418400353566,0.5061599721296671
1.325030123389969,0.5259166596282036,0.23950798799272324
1.3359108164477487,0.5004817272477817,0.24591749541242966
1.3362014150546293,-0.5294114548727555,0.5574179810772422
1.3391255778171296,-0.6604227285909524,0.5542138348711829
1.3354480496446497,1.20798546312097,0.6151712855516523
1.3419191772987158,-1.0978950406296213,0.7476919158667792
1.335290679702021,-0.722023993042846,0.5374694397775641
1.3448566073363115,0.08075155829325852,0.590306483985309
1.3453709045209505,1.1230489222648756,0.562559237738919
1.3469197535445183,0.4716655438036198,0.2868137635120663
1.3470612095994496,0.5486965403096754,0.31517424617830725
1.3494407279104115,0.3534143239741229,0.4861380417170857
1.349089575693648,0.7390462764182623,0.7827104667181342
1.3510365512436786,0.69179106864073,0.6706503514119301
